City_ID,City,Country,Lat,Lng,Max Temp,Humidity,Cloudiness,Wind Speed,Current Description,Date
0,Albany,US,42.6001,-73.9662,71.73,94,86,4.7,overcast clouds,2022-07-06 06:14:54
1,Miramar,US,25.9873,-80.2323,83.01,87,20,3.44,few clouds,2022-07-06 06:14:55
2,Cockburn Town,TC,21.4612,-71.1419,81.5,73,7,19.55,clear sky,2022-07-06 06:14:55
3,Port Alfred,ZA,-33.5906,26.891,58.17,96,72,3.0,broken clouds,2022-07-06 06:09:02
4,Laas,IT,46.6166,10.7002,62.69,75,15,4.61,few clouds,2022-07-06 06:14:56
5,Nanortalik,GL,60.1432,-45.2371,43.65,87,95,5.5,overcast clouds,2022-07-06 06:14:56
6,Mezen',RU,65.8522,44.24,73.24,71,43,6.71,moderate rain,2022-07-06 06:14:57
7,Briceño,CO,7.111,-75.5515,62.92,98,98,3.27,moderate rain,2022-07-06 06:14:57
8,Puerto Ayora,EC,-0.7393,-90.3518,71.55,90,61,4.0,broken clouds,2022-07-06 06:14:58
9,Mount Isa,AU,-20.7333,139.5,69.57,26,5,12.66,clear sky,2022-07-06 06:14:59
10,Rikitea,PF,-23.1203,-134.9692,75.27,78,25,22.73,light rain,2022-07-06 06:14:59
11,Hobart,AU,-42.8794,147.3294,53.26,76,99,1.99,overcast clouds,2022-07-06 06:10:31
12,Morden,CA,49.1919,-98.1014,62.1,86,1,3.78,clear sky,2022-07-06 06:12:28
13,Yellowknife,CA,62.456,-114.3525,59.13,44,25,3.6,scattered clouds,2022-07-06 06:09:04
14,Shache,CN,38.4167,77.2406,100.53,12,3,17.96,clear sky,2022-07-06 06:15:00
15,Bredasdorp,ZA,-34.5322,20.0403,46.35,90,0,4.36,clear sky,2022-07-06 06:15:00
16,Upernavik,GL,72.7868,-56.1549,36.99,89,95,6.6,overcast clouds,2022-07-06 06:15:01
17,Punta Arenas,CL,-53.15,-70.9167,26.71,100,75,6.91,broken clouds,2022-07-06 06:14:04
18,Barentu,ER,15.1139,37.5928,79.75,52,14,6.71,few clouds,2022-07-06 06:15:02
19,Busselton,AU,-33.65,115.3333,60.96,38,1,6.51,clear sky,2022-07-06 06:15:02
20,Camacha,PT,33.0833,-16.3333,63.82,63,75,10.36,broken clouds,2022-07-06 06:15:03
21,Dingle,PH,10.9995,122.6711,85.48,74,81,3.0,light rain,2022-07-06 06:15:03
22,Chui,UY,-33.6971,-53.4616,55.8,86,100,5.41,overcast clouds,2022-07-06 06:15:04
23,Taitung City,TW,22.7583,121.1444,89.87,74,40,12.66,scattered clouds,2022-07-06 06:15:04
24,Luganville,VU,-15.5333,167.1667,79.68,84,88,7.61,overcast clouds,2022-07-06 06:15:05
25,Ushuaia,AR,-54.8,-68.3,28.06,80,0,5.75,clear sky,2022-07-06 06:10:16
26,Kavaratti,IN,10.5669,72.642,81.59,85,99,20.33,moderate rain,2022-07-06 06:15:05
27,Kiryat Gat,IL,31.61,34.7642,80.4,100,20,7.45,few clouds,2022-07-06 06:15:06
28,Bluff,NZ,-46.6,168.3333,46.8,72,82,17.22,broken clouds,2022-07-06 06:11:20
29,Half Moon Bay,US,37.4636,-122.4286,66.06,87,100,8.05,overcast clouds,2022-07-06 06:15:07
30,Sri Aman,MY,1.2376,111.4621,84.27,84,77,3.22,light rain,2022-07-06 06:15:07
31,Cape Town,ZA,-33.9258,18.4232,52.38,90,40,14.97,fog,2022-07-06 06:13:15
32,Makakilo City,US,21.3469,-158.0858,77.32,67,0,16.11,clear sky,2022-07-06 06:15:08
33,Aklavik,CA,68.2191,-135.0107,70.63,63,72,5.19,broken clouds,2022-07-06 06:15:08
34,Touros,BR,-5.1989,-35.4608,74.41,87,22,12.55,few clouds,2022-07-06 06:15:09
35,Mar Del Plata,AR,-38.0023,-57.5575,42.1,90,38,1.99,scattered clouds,2022-07-06 06:15:09
36,Barrow,US,71.2906,-156.7887,42.82,93,100,5.75,fog,2022-07-06 06:15:10
37,Airai,TL,-8.9266,125.4092,64.02,66,44,2.91,scattered clouds,2022-07-06 06:15:10
38,Siguiri,GN,11.6667,-9.5,73.26,85,54,2.75,broken clouds,2022-07-06 06:15:11
39,Tuktoyaktuk,CA,69.4541,-133.0374,46.36,83,25,8.14,scattered clouds,2022-07-06 06:15:12
40,New Norfolk,AU,-42.7826,147.0587,52.92,79,100,2.62,overcast clouds,2022-07-06 06:15:12
41,La Unión,PE,-5.4,-80.75,63.5,76,6,10.18,clear sky,2022-07-06 06:15:13
42,Nikolskoye,RU,59.7035,30.7861,68.72,58,49,6.33,scattered clouds,2022-07-06 06:15:13
43,Poopó,BO,-18.3667,-66.9667,39.51,33,41,2.51,scattered clouds,2022-07-06 06:15:13
44,Jamestown,US,42.097,-79.2353,69.06,88,20,6.91,few clouds,2022-07-06 06:13:15
45,Narsaq,GL,60.9167,-46.05,46.62,94,100,2.44,overcast clouds,2022-07-06 06:15:14
46,Yulara,AU,-25.2406,130.9889,63.72,14,0,6.06,clear sky,2022-07-06 06:15:15
47,Hervey Bay,AU,-25.2986,152.8535,63.93,58,20,13.38,few clouds,2022-07-06 06:15:15
48,Borovskoy,KZ,53.8,64.15,62.91,57,67,6.76,broken clouds,2022-07-06 06:15:16
49,Soligalich,RU,59.0778,42.2864,72.95,70,56,6.62,light rain,2022-07-06 06:15:16
50,Butaritari,KI,3.0707,172.7902,82.76,75,66,21.41,broken clouds,2022-07-06 06:15:17
51,Vaini,TO,-21.2,-175.2,73.27,73,84,19.37,broken clouds,2022-07-06 06:15:17
52,Kysyl-Syr,RU,63.8986,122.7617,63.36,61,99,7.11,overcast clouds,2022-07-06 06:15:17
53,Arraial Do Cabo,BR,-22.9661,-42.0278,69.12,91,0,16.91,clear sky,2022-07-06 06:15:18
54,Hay River,CA,60.8156,-115.7999,57.16,67,20,10.36,smoke,2022-07-06 06:15:19
55,Kahului,US,20.8947,-156.47,77.02,74,20,17.27,few clouds,2022-07-06 06:15:19
56,Palmer,US,42.1584,-72.3287,71.65,86,100,10.36,overcast clouds,2022-07-06 06:15:19
57,Maroantsetra,MG,-15.4333,49.7333,70.21,83,48,6.93,light rain,2022-07-06 06:15:20
58,Buchanan,LR,5.8808,-10.0467,74.26,91,26,4.25,scattered clouds,2022-07-06 06:15:20
59,Requena,ES,39.4883,-1.1004,66.52,85,99,5.66,overcast clouds,2022-07-06 06:15:21
60,Esperance,AU,-33.8667,121.9,55.24,85,100,8.12,overcast clouds,2022-07-06 06:15:21
61,Kulhudhuffushi,MV,6.6221,73.07,82.53,84,100,17.78,overcast clouds,2022-07-06 06:15:22
62,Falam,MM,22.9167,93.6833,66.47,98,100,0.4,moderate rain,2022-07-06 06:15:22
63,Mataura,NZ,-46.1927,168.8643,45.48,77,63,6.33,broken clouds,2022-07-06 06:15:23
64,Isangel,VU,-19.55,169.2667,77.94,79,100,5.3,overcast clouds,2022-07-06 06:15:23
65,Santa Maria,BR,-29.6842,-53.8069,61.84,91,98,4.07,overcast clouds,2022-07-06 06:15:24
66,Lebu,CL,-37.6167,-73.65,50.9,86,100,25.93,overcast clouds,2022-07-06 06:15:24
67,Leshukonskoye,RU,64.8989,45.7622,71.08,67,48,9.06,scattered clouds,2022-07-06 06:15:25
68,Katangli,RU,51.7102,143.2326,72.28,58,9,7.63,clear sky,2022-07-06 06:15:25
69,Zharkent,KZ,44.1628,80.0,79.75,29,28,3.24,scattered clouds,2022-07-06 06:15:25
70,Constitución,CL,-35.3333,-72.4167,52.72,90,96,21.83,moderate rain,2022-07-06 06:15:26
71,Avarua,CK,-21.2078,-159.775,71.65,60,45,9.22,scattered clouds,2022-07-06 06:15:22
72,Qaanaaq,GL,77.484,-69.3632,43.36,62,98,2.59,overcast clouds,2022-07-06 06:15:27
73,Severo-Kuril'Sk,RU,50.6789,156.125,53.64,80,81,8.97,broken clouds,2022-07-06 06:15:27
74,Takoradze,GH,4.8845,-1.7554,74.62,90,44,2.59,light rain,2022-07-06 06:15:28
75,Kabinda,CD,-6.1333,24.4833,69.17,38,43,6.93,scattered clouds,2022-07-06 06:15:28
76,Kapaa,US,22.0752,-159.319,80.58,75,75,14.97,broken clouds,2022-07-06 06:15:29
77,Thompson,CA,55.7435,-97.8558,56.1,44,100,5.44,overcast clouds,2022-07-06 06:15:13
78,Khatanga,RU,71.9667,102.5,59.02,43,100,5.48,overcast clouds,2022-07-06 06:15:30
79,Hilo,US,19.7297,-155.09,77.29,81,100,3.44,overcast clouds,2022-07-06 06:15:30
80,Pandan,PH,14.0453,124.1694,85.59,71,100,3.98,moderate rain,2022-07-06 06:15:30
81,Catalina,US,32.5056,-110.9211,84.96,39,25,5.08,scattered clouds,2022-07-06 06:13:01
82,Warrington,GB,53.3925,-2.5802,61.32,91,100,17.27,light intensity drizzle,2022-07-06 06:15:31
83,São Filipe,CV,14.8961,-24.4956,75.13,86,66,6.15,broken clouds,2022-07-06 06:15:32
84,Marsaxlokk,MT,35.8419,14.5431,84.07,79,0,8.48,clear sky,2022-07-06 06:15:32
85,Hermanus,ZA,-34.4187,19.2345,51.04,78,1,6.51,clear sky,2022-07-06 06:15:33
86,Saint Paul Harbor,US,57.79,-152.4072,58.51,77,40,9.22,scattered clouds,2022-07-06 06:15:33
87,Souillac,MU,-20.5167,57.5167,71.98,64,40,11.5,light rain,2022-07-06 06:15:34
88,Valparaíso,CL,-33.0393,-71.6273,50.47,76,0,5.75,clear sky,2022-07-06 06:15:34
89,Port Elizabeth,ZA,-33.918,25.5701,55.69,95,0,4.61,clear sky,2022-07-06 06:15:35
90,Kętrzyn,PL,54.0768,21.3753,60.69,76,100,7.23,overcast clouds,2022-07-06 06:15:35
91,Dikson,RU,73.5069,80.5464,34.7,96,97,10.07,overcast clouds,2022-07-06 06:15:36
92,North Platte,US,41.1239,-100.7654,71.49,93,75,17.0,moderate rain,2022-07-06 06:15:36
93,Schwäbisch Hall,DE,49.1113,9.7391,65.52,74,0,4.61,clear sky,2022-07-06 06:15:37
94,Norman Wells,CA,65.282,-126.8329,71.64,49,75,5.75,broken clouds,2022-07-06 06:15:37
95,Atuona,PF,-9.8,-139.0333,77.7,67,49,25.48,scattered clouds,2022-07-06 06:15:38
96,Nhulunbuy,AU,-12.2333,136.7667,75.81,60,40,14.97,scattered clouds,2022-07-06 06:15:38
97,Nicoya,CR,10.1483,-85.452,73.98,96,100,1.68,overcast clouds,2022-07-06 06:15:39
98,Goderich,CA,43.7501,-81.7165,63.91,100,43,2.3,scattered clouds,2022-07-06 06:15:39
99,Padang,ID,-0.9492,100.3543,84.6,73,98,3.27,light rain,2022-07-06 06:15:40
100,Ayr,GB,55.4627,-4.6339,58.32,94,75,14.97,broken clouds,2022-07-06 06:15:40
101,Lompoc,US,34.6391,-120.4579,62.02,90,100,20.0,fog,2022-07-06 06:11:26
102,Mahébourg,MU,-20.4081,57.7,71.89,64,40,11.5,scattered clouds,2022-07-06 06:15:41
103,George Town,MY,5.4112,100.3354,90.9,68,20,6.91,few clouds,2022-07-06 06:13:08
104,Ozinki,RU,51.1786,49.6769,67.12,55,1,10.36,clear sky,2022-07-06 06:15:41
105,Tezu,IN,27.9167,96.1667,95.68,56,22,2.75,few clouds,2022-07-06 06:15:42
106,Tura,IN,25.5198,90.2201,86.11,68,92,6.82,moderate rain,2022-07-06 06:15:42
107,Saint-Augustin,CA,51.226,-58.6502,49.51,76,93,7.11,overcast clouds,2022-07-06 06:15:43
108,Armidale,AU,-30.5167,151.65,50.65,99,100,2.98,overcast clouds,2022-07-06 06:15:43
109,Mehamn,NO,71.0357,27.8492,66.15,55,20,18.41,few clouds,2022-07-06 06:15:44
110,Eenhana,NA,-17.4667,16.3333,54.32,52,1,6.26,clear sky,2022-07-06 06:15:44
111,Callaway,US,30.153,-85.5699,80.91,89,20,4.61,few clouds,2022-07-06 06:15:45
112,São Lourenço,BR,-22.1164,-45.0544,50.81,77,0,1.36,clear sky,2022-07-06 06:13:58
113,Ribeira Grande,PT,38.5167,-28.7,64.8,82,75,8.05,broken clouds,2022-07-06 06:15:46
114,Salalah,OM,17.0151,54.0924,77.09,100,100,6.91,mist,2022-07-06 06:15:46
115,Kenai,US,60.5544,-151.2583,62.69,85,0,14.97,clear sky,2022-07-06 06:15:00
116,Marathon,US,44.9,-89.7668,71.13,83,75,13.8,broken clouds,2022-07-06 06:15:47
117,Caucaia,BR,-3.7361,-38.6531,75.15,77,40,4.61,scattered clouds,2022-07-06 06:15:25
118,Kigoma,TZ,-4.8769,29.6267,73.62,61,54,3.74,broken clouds,2022-07-06 06:15:48
119,Vangaindrano,MG,-23.35,47.6,69.57,72,22,4.07,few clouds,2022-07-06 06:15:48
120,Tasiilaq,GL,65.6145,-37.6368,35.76,85,69,2.93,broken clouds,2022-07-06 06:15:49
121,Navrongo,GH,10.8956,-1.0921,75.09,86,48,5.88,scattered clouds,2022-07-06 06:15:49
122,Aras,ES,42.5617,-2.356,63.01,68,75,11.5,broken clouds,2022-07-06 06:15:50
123,Bathsheba,BB,13.2167,-59.5167,80.29,80,99,18.39,overcast clouds,2022-07-06 06:15:50
124,Husavik,IS,66.0449,-17.3389,42.91,85,81,3.62,broken clouds,2022-07-06 06:15:51
125,Dukat,RU,62.55,155.55,70.54,57,100,3.29,overcast clouds,2022-07-06 06:15:51
126,Praia Da Vitória,PT,38.7333,-27.0667,64.76,88,75,7.09,light intensity drizzle,2022-07-06 06:15:52
127,Nemours,FR,48.2751,2.6908,61.16,65,0,7.23,clear sky,2022-07-06 06:15:52
128,Kabare,CD,-2.4683,28.8242,64.04,70,59,1.77,broken clouds,2022-07-06 06:15:53
129,Cayenne,GF,4.9333,-52.3333,78.1,1,100,0.0,overcast clouds,2022-07-06 06:15:53
130,Bilma,NE,18.6853,12.9164,88.56,18,25,7.72,scattered clouds,2022-07-06 06:15:53
131,Ardakān,IR,32.31,54.0175,86.29,19,13,12.3,few clouds,2022-07-06 06:15:54
132,Cabo San Lucas,MX,22.8909,-109.9124,79.9,67,2,1.01,clear sky,2022-07-06 06:11:05
133,Sitka,US,57.0531,-135.33,55.29,88,100,0.0,overcast clouds,2022-07-06 06:15:55
134,Kavieng,PG,-2.5744,150.7967,84.29,73,100,13.04,overcast clouds,2022-07-06 06:15:55
135,Pinega,RU,64.7001,43.3936,73.02,64,93,6.82,overcast clouds,2022-07-06 06:15:55
136,Ramos Arizpe,MX,25.55,-100.9667,73.96,51,6,3.49,clear sky,2022-07-06 06:15:56
137,Eureka,US,40.8021,-124.1637,62.67,82,96,2.39,overcast clouds,2022-07-06 06:14:18
138,San Patricio,US,28.017,-97.5169,85.89,84,55,9.66,broken clouds,2022-07-06 06:15:57
139,Carnarvon,AU,-24.8667,113.6333,73.54,25,0,4.76,clear sky,2022-07-06 06:15:57
140,Bubaque,GW,11.2833,-15.8333,80.47,75,95,10.33,overcast clouds,2022-07-06 06:15:57
141,Pisco,PE,-13.7,-76.2167,57.25,88,40,3.44,mist,2022-07-06 06:14:45
142,Port Hardy,CA,50.6996,-127.4199,53.6,90,89,6.67,overcast clouds,2022-07-06 06:15:13
143,Jambi City,ID,-1.6,103.6167,90.59,56,97,3.67,overcast clouds,2022-07-06 06:15:58
144,Cabedelo,BR,-6.9811,-34.8339,72.27,82,5,12.62,clear sky,2022-07-06 06:15:59
145,Ushumun,RU,52.7833,126.5333,86.27,49,98,17.07,overcast clouds,2022-07-06 06:15:59
146,Kudahuvadhoo,MV,2.6708,72.8944,83.55,74,86,6.93,light rain,2022-07-06 06:16:00
147,Mahon,ES,39.8885,4.2658,79.36,61,0,20.71,clear sky,2022-07-06 06:16:00
148,Kamaishi,JP,39.2667,141.8833,76.03,81,33,10.47,scattered clouds,2022-07-06 06:16:01
149,Pekan,MY,3.4836,103.3996,80.71,59,86,5.06,overcast clouds,2022-07-06 06:16:01
150,Boussé,BF,12.6606,-1.8922,78.53,66,81,10.2,broken clouds,2022-07-06 06:16:02
151,Belaya Gora,RU,68.5333,146.4167,59.05,31,100,8.05,overcast clouds,2022-07-06 06:12:22
152,Denpasar,ID,-8.65,115.2167,82.06,74,20,20.71,few clouds,2022-07-06 06:16:02
153,Karatau,KZ,43.1667,70.4667,84.02,19,0,1.9,clear sky,2022-07-06 06:16:03
154,Tiksi,RU,71.6872,128.8694,44.47,70,38,9.35,scattered clouds,2022-07-06 06:16:03
155,Saint-Philippe,RE,-21.3585,55.7679,74.21,71,73,10.76,broken clouds,2022-07-06 06:16:04
156,Tiznit Province,MA,29.5833,-9.5,71.01,47,2,1.5,clear sky,2022-07-06 06:16:04
157,Castro,BR,-24.7911,-50.0119,53.1,77,100,2.53,overcast clouds,2022-07-06 06:16:05
158,Lamu,KE,-2.2717,40.902,78.15,73,93,16.84,light rain,2022-07-06 06:16:05
159,Khor,RU,47.8861,134.9464,85.48,67,4,4.25,clear sky,2022-07-06 06:15:07
160,Ust'-Uda,RU,54.1742,103.0304,80.02,35,0,2.04,clear sky,2022-07-06 06:16:06
161,Colwyn Bay,GB,53.2948,-3.7267,59.74,3,100,5.99,overcast clouds,2022-07-06 06:16:06
162,Bambous Virieux,MU,-20.3428,57.7575,71.85,64,40,11.5,scattered clouds,2022-07-06 06:16:07
163,Kanye,BW,-24.9667,25.3327,52.59,61,1,2.17,clear sky,2022-07-06 06:16:07
164,Vardø,NO,70.3705,31.1107,62.58,77,0,14.97,clear sky,2022-07-06 06:16:08
165,Ancud,CL,-41.8697,-73.8203,42.22,78,100,20.94,light rain,2022-07-06 06:16:08
166,Sioux Lookout,CA,50.1001,-91.917,52.09,76,2,4.18,clear sky,2022-07-06 06:11:45
167,Sabang,ID,5.8933,95.3214,83.89,73,71,19.89,broken clouds,2022-07-06 06:16:09
168,Provideniya,RU,64.3833,-173.3,47.23,86,100,4.45,overcast clouds,2022-07-06 06:16:09
169,Banda Aceh,ID,5.5577,95.3222,88.43,59,49,15.23,scattered clouds,2022-07-06 06:16:10
170,Flinders,AU,-34.5833,150.8552,60.19,89,100,1.99,overcast clouds,2022-07-06 06:16:10
171,Rongcheng,CN,30.634,117.8517,91.26,66,76,10.71,broken clouds,2022-07-06 06:16:11
172,Wairoa,NZ,-39.0333,177.3667,52.56,85,100,4.76,overcast clouds,2022-07-06 06:16:11
173,Bagotville,AU,-28.9833,153.4167,66.85,92,93,6.46,overcast clouds,2022-07-06 06:16:12
174,Vigrestad,NO,58.5667,5.7,56.88,72,100,12.82,overcast clouds,2022-07-06 06:16:12
175,Miran Shah,PK,33.0086,70.0697,94.14,42,86,12.01,overcast clouds,2022-07-06 06:16:13
176,Wyndham,US,37.6985,-77.6125,75.94,87,0,4.61,clear sky,2022-07-06 06:16:13
177,Marfino,RU,55.7028,37.3822,77.16,64,0,2.24,clear sky,2022-07-06 06:16:13
178,Varnavino,RU,57.4035,45.0916,73.29,53,60,6.31,broken clouds,2022-07-06 06:16:14
179,Olafsvik,IS,64.8945,-23.7142,50.67,75,74,7.54,broken clouds,2022-07-06 06:16:14
180,Saint Anthony,US,45.0205,-93.218,74.8,82,0,11.5,clear sky,2022-07-06 06:16:15
181,Port-Gentil,GA,-0.7193,8.7815,73.36,83,75,6.91,broken clouds,2022-07-06 06:14:20
182,Comodoro Rivadavia,AR,-45.8667,-67.5,39.06,60,0,6.91,clear sky,2022-07-06 06:16:16
183,Chokurdakh,RU,70.6333,147.9167,57.43,33,100,5.5,overcast clouds,2022-07-06 06:16:16
184,Visnes,NO,59.3556,5.2242,57.25,62,40,16.11,scattered clouds,2022-07-06 06:16:16
185,Lata,PT,40.1629,-8.3327,64.81,82,1,3.87,clear sky,2022-07-06 06:16:17
186,Ulaangom,MN,49.9811,92.0667,75.29,32,45,7.4,scattered clouds,2022-07-06 06:16:17
187,Raja,SS,8.4596,25.678,72.39,86,98,5.57,overcast clouds,2022-07-06 06:16:18
188,Abhā,SA,18.2164,42.5053,77.25,22,0,10.36,clear sky,2022-07-06 06:16:18
189,Ucluelet,CA,48.9329,-125.5528,58.08,89,89,3.98,overcast clouds,2022-07-06 06:15:37
190,San Ramon,US,37.7799,-121.978,64.81,81,100,10.36,overcast clouds,2022-07-06 06:12:01
191,Cherskiy,RU,68.75,161.3,46.9,67,97,15.39,overcast clouds,2022-07-06 06:16:19
192,Altay,CN,47.8667,88.1167,70.14,43,39,14.54,scattered clouds,2022-07-06 06:16:19
193,Kushuhum,UA,47.7144,35.2092,85.91,36,3,5.32,clear sky,2022-07-06 06:16:20
194,Champerico,GT,14.3,-91.9167,80.06,82,56,2.33,broken clouds,2022-07-06 06:16:20
195,Portland,US,45.5234,-122.6762,66.18,88,100,1.99,overcast clouds,2022-07-06 06:16:21
196,Escanaba,US,45.7453,-87.0646,61.11,98,0,5.75,clear sky,2022-07-06 06:16:21
197,Henties Bay,NA,-22.116,14.2845,55.44,80,0,7.18,clear sky,2022-07-06 06:16:22
198,Chivacoa,VE,10.1603,-68.895,71.13,98,70,2.04,broken clouds,2022-07-06 06:16:22
199,Katsuura,JP,35.1333,140.3,79.36,78,86,21.72,overcast clouds,2022-07-06 06:16:22
200,Pisticci,IT,40.3906,16.5568,80.82,34,6,4.85,clear sky,2022-07-06 06:16:23
201,Amapá,BR,1.0,-52.0,69.46,99,15,0.78,few clouds,2022-07-06 06:16:23
202,Oddur,SO,4.1213,43.8894,76.06,59,37,23.62,scattered clouds,2022-07-06 06:16:24
203,Guacamaya,HN,15.0167,-88.15,67.84,99,100,1.32,overcast clouds,2022-07-06 06:16:24
204,Torbay,CA,47.6666,-52.7314,56.26,78,20,11.5,few clouds,2022-07-06 06:16:25
205,Saint George,US,37.1041,-113.5841,84.79,16,0,11.5,clear sky,2022-07-06 06:12:26
206,Bath,GB,51.3779,-2.3591,61.88,88,80,3.69,broken clouds,2022-07-06 06:15:11
207,Iralaya,HN,15.0,-83.2333,79.61,86,85,12.24,overcast clouds,2022-07-06 06:16:25
208,Letka,RU,59.6011,49.4232,75.88,49,44,5.12,scattered clouds,2022-07-06 06:16:26
209,Kaitangata,NZ,-46.2817,169.8464,46.08,76,36,9.82,scattered clouds,2022-07-06 06:16:26
210,Aykhal,RU,66.0,111.5,67.5,39,84,5.14,broken clouds,2022-07-06 06:16:27
211,Belogorsk,RU,50.9158,128.4611,86.85,54,56,14.79,broken clouds,2022-07-06 06:16:27
212,Sakaiminato,JP,35.55,133.2333,85.93,79,40,10.36,scattered clouds,2022-07-06 06:16:28
213,El Progreso,HN,15.4,-87.8,80.62,94,100,0.0,overcast clouds,2022-07-06 06:14:56
214,Shimoda,JP,34.6667,138.95,80.96,81,67,4.79,broken clouds,2022-07-06 06:16:28
215,Fort Nelson,CA,58.8053,-122.7002,58.24,70,84,3.4,broken clouds,2022-07-06 06:15:12
216,Hong Kong,HK,22.2855,114.1577,88.97,69,100,8.01,light rain,2022-07-06 06:12:37
217,Geraldton,AU,-28.7667,114.6,72.01,56,100,8.05,overcast clouds,2022-07-06 06:16:29
218,Pūnāhāna,IN,27.8667,77.2,99.3,38,31,11.61,scattered clouds,2022-07-06 06:16:29
219,Sistranda,NO,63.7256,8.834,48.16,80,99,23.09,overcast clouds,2022-07-06 06:16:30
220,Codrington,AU,-38.2667,141.9667,55.08,64,20,9.48,few clouds,2022-07-06 06:16:30
221,Cidreira,BR,-30.1811,-50.2056,62.71,96,100,5.77,overcast clouds,2022-07-06 06:16:31
222,Makkah Al Mukarramah,SA,21.4267,39.8261,94.12,21,16,7.94,few clouds,2022-07-06 06:15:02
223,Kuril'Sk,RU,45.2333,147.8833,59.52,70,70,2.48,broken clouds,2022-07-06 06:16:31
224,Clyde River,CA,70.4692,-68.5914,37.63,87,0,5.75,clear sky,2022-07-06 06:16:32
225,Bereda,ES,43.2686,-7.5406,59.14,100,46,7.83,scattered clouds,2022-07-06 06:16:32
226,Longyearbyen,SJ,78.2186,15.6401,44.44,65,75,11.5,broken clouds,2022-07-06 06:16:33
227,Hanstholm,DK,57.1167,8.6167,57.18,68,30,24.81,scattered clouds,2022-07-06 06:16:33
228,Caravelas,BR,-17.7125,-39.2481,68.83,83,0,3.09,clear sky,2022-07-06 06:16:33
229,Itamarandiba,BR,-17.8572,-42.8589,54.12,98,9,2.8,clear sky,2022-07-06 06:16:34
230,Karratha,AU,-20.7377,116.8463,72.86,18,38,14.27,scattered clouds,2022-07-06 06:16:34
231,Ponta Do Sol,PT,32.6667,-17.1,68.63,72,26,5.28,scattered clouds,2022-07-06 06:16:35
232,Saskylakh,RU,71.9167,114.0833,57.34,54,83,2.35,broken clouds,2022-07-06 06:16:35
233,Itoman,JP,26.1247,127.6694,88.18,89,40,10.36,scattered clouds,2022-07-06 06:16:36
234,Pevek,RU,69.7008,170.3133,33.49,96,100,12.88,overcast clouds,2022-07-06 06:13:49
235,Muzhi,RU,65.3667,64.6667,68.58,57,33,3.53,scattered clouds,2022-07-06 06:16:37
236,Qeshm,IR,26.9581,56.2719,94.87,79,97,12.24,overcast clouds,2022-07-06 06:15:14
237,Sterling,US,39.0062,-77.4286,78.12,84,20,6.91,few clouds,2022-07-06 06:13:57
238,Menongue,AO,-14.6585,17.691,52.07,64,3,3.6,clear sky,2022-07-06 06:16:37
239,Pawai,IN,24.2667,80.1667,95.45,43,68,8.43,broken clouds,2022-07-06 06:16:38
240,Oga,IT,46.4631,10.347,60.8,74,8,5.46,clear sky,2022-07-06 06:16:38
241,Hamilton,US,39.1834,-84.5333,80.04,89,0,6.91,clear sky,2022-07-06 06:12:22
242,Verāval,IN,20.9,70.3667,80.44,89,100,11.41,moderate rain,2022-07-06 06:16:39
243,Lorengau,PG,-2.0226,147.2712,84.43,70,76,10.16,broken clouds,2022-07-06 06:16:39
244,Hithadhoo,MV,-0.6,73.0833,82.83,73,92,12.28,overcast clouds,2022-07-06 06:16:40
245,Mudgee,AU,-32.5943,149.5871,58.78,90,100,8.84,overcast clouds,2022-07-06 06:16:40
246,Kamennogorsk,RU,60.9545,29.1339,64.29,55,2,8.43,clear sky,2022-07-06 06:16:41
247,Artyom,AZ,40.4723,50.333,78.94,59,0,10.18,clear sky,2022-07-06 06:16:41
248,São João Da Barra,BR,-21.6403,-41.0511,66.65,83,0,9.93,clear sky,2022-07-06 06:16:41
249,Emba,KZ,48.8264,58.1442,66.58,44,77,16.8,broken clouds,2022-07-06 06:16:42
250,Havøysund,NO,70.9963,24.6622,55.63,82,57,24.4,light rain,2022-07-06 06:16:42
251,Catuday,PH,16.2923,119.8062,83.37,68,98,6.58,overcast clouds,2022-07-06 06:16:43
252,Walvis Bay,NA,-22.9575,14.5053,47.35,93,0,9.22,clear sky,2022-07-06 06:16:43
253,Richards Bay,ZA,-28.783,32.0377,67.08,74,29,13.73,scattered clouds,2022-07-06 06:16:44
254,Oistins,BB,13.0667,-59.5333,80.15,80,100,18.99,overcast clouds,2022-07-06 06:16:44
255,Gualeguay,AR,-33.1416,-59.3097,46.99,97,0,6.2,clear sky,2022-07-06 06:16:45
256,Rafai,CF,4.95,23.9167,70.83,84,81,1.5,broken clouds,2022-07-06 06:16:45
257,Baiyin,CN,36.5583,104.2081,90.93,13,0,4.12,clear sky,2022-07-06 06:16:45
258,Praia,CV,14.9215,-23.5087,75.74,83,20,13.8,few clouds,2022-07-06 06:16:46
259,Tabas,IR,33.5959,56.9244,93.11,17,0,5.37,clear sky,2022-07-06 06:16:46
260,Marsh Harbour,BS,26.5412,-77.0636,82.08,75,10,11.1,clear sky,2022-07-06 06:16:47
261,Castleford,GB,53.7259,-1.3626,62.01,91,100,4.0,overcast clouds,2022-07-06 06:12:41
262,Port Augusta,AU,-32.5,137.7667,57.61,46,0,11.21,clear sky,2022-07-06 06:16:47
263,Lufilufi,WS,-13.8745,-171.5986,81.79,71,13,15.97,few clouds,2022-07-06 06:16:48
264,Bonthe,SL,7.5264,-12.505,75.49,85,84,1.32,broken clouds,2022-07-06 06:16:48
265,La Rioja,ES,42.25,-2.5,58.78,96,47,3.2,moderate rain,2022-07-06 06:16:49
266,Samdari,IN,25.8167,72.5833,100.35,39,6,19.8,clear sky,2022-07-06 06:16:49
267,Acarí,PE,-15.4311,-74.6158,60.49,86,78,4.18,broken clouds,2022-07-06 06:16:49
268,Saldanha,ZA,-33.0117,17.9442,51.08,90,1,8.81,clear sky,2022-07-06 06:16:50
269,Springbok,ZA,-29.6643,17.8865,36.84,73,0,6.33,clear sky,2022-07-06 06:16:50
270,Iwanai,JP,42.9744,140.5089,75.54,81,56,2.26,broken clouds,2022-07-06 06:16:51
271,Paamiut,GL,61.994,-49.6678,42.35,97,100,6.67,light rain,2022-07-06 06:16:51
272,Khasan,RU,42.4308,130.6434,63.93,97,100,5.84,overcast clouds,2022-07-06 06:16:52
273,Hammerfest,NO,70.6634,23.6821,50.45,100,75,5.75,moderate rain,2022-07-06 06:16:52
274,Peniche,PT,39.3558,-9.3811,64.29,95,17,2.44,few clouds,2022-07-06 06:16:52
275,Filingué,NE,14.3521,3.3168,84.74,57,34,13.38,scattered clouds,2022-07-06 06:16:53
276,Jhang,PK,33.6748,72.6963,99.95,39,83,4.81,broken clouds,2022-07-06 06:16:53
277,Iqaluit,CA,63.7506,-68.5145,42.53,93,100,0.0,light rain,2022-07-06 06:16:54
278,Sovetskiy,RU,61.3614,63.5842,66.27,61,82,1.9,broken clouds,2022-07-06 06:16:54
279,Yangi Marg`Ilon,UZ,40.4272,71.7189,83.12,24,1,6.91,clear sky,2022-07-06 06:16:55
280,Troitsko-Pechorsk,RU,62.7084,56.1964,78.6,46,92,2.26,overcast clouds,2022-07-06 06:16:55
281,Taber,CA,49.8167,-112.1518,57.2,77,27,6.91,scattered clouds,2022-07-06 06:15:05
282,Guerrero Negro,MX,27.9769,-114.0611,65.59,87,5,13.44,clear sky,2022-07-06 06:16:56
283,Margate,GB,51.3813,1.3862,62.69,78,72,5.99,broken clouds,2022-07-06 06:16:56
284,Kerema,PG,-7.9631,145.7785,82.8,77,100,5.55,overcast clouds,2022-07-06 06:16:56
285,Itarema,BR,-2.9248,-39.9167,72.45,83,41,9.66,scattered clouds,2022-07-06 06:16:57
286,Mugur-Aksy,RU,50.35,90.5,60.35,35,55,4.32,broken clouds,2022-07-06 06:16:57
287,Vegreville,CA,53.5001,-112.0518,55.71,94,100,3.44,overcast clouds,2022-07-06 06:16:58
288,Leningradskiy,RU,69.3833,178.4167,51.69,66,96,1.12,overcast clouds,2022-07-06 06:16:58
289,Fortuna,US,40.5982,-124.1573,61.86,87,74,0.67,broken clouds,2022-07-06 06:16:59
290,Dondo,MZ,-19.6094,34.7431,64.11,80,0,3.2,clear sky,2022-07-06 06:16:59
291,Ol'Ga,RU,43.7444,135.2892,74.01,70,80,4.43,broken clouds,2022-07-06 06:16:59
292,Coquimbo,CL,-29.9533,-71.3436,47.93,87,0,4.61,clear sky,2022-07-06 06:17:00
293,Roald,NO,62.5833,6.1333,55.76,87,75,18.41,light rain,2022-07-06 06:17:00
294,Nara,JP,34.6851,135.8049,90.97,53,48,11.12,scattered clouds,2022-07-06 06:17:01
295,Carutapera,BR,-1.195,-46.02,73.06,93,16,3.13,few clouds,2022-07-06 06:17:01
296,Grindavik,IS,63.8424,-22.4338,52.27,93,0,11.5,clear sky,2022-07-06 06:17:02
297,Houston,US,29.7633,-95.3633,83.34,82,0,11.5,clear sky,2022-07-06 06:14:34
298,Hendrina,ZA,-26.1588,29.7153,48.63,59,0,0.96,clear sky,2022-07-06 06:17:03
299,Nakhon Phanom,TH,17.3333,104.4167,91.08,68,100,8.39,light rain,2022-07-06 06:17:03
300,‘Āhuimanu,US,21.4447,-157.8378,78.51,74,20,16.11,few clouds,2022-07-06 06:17:04
301,Ilulissat,GL,69.2167,-51.1,41.02,93,20,2.3,few clouds,2022-07-06 06:17:04
302,Mayo,US,38.8876,-76.5119,76.95,93,0,0.0,clear sky,2022-07-06 06:17:04
303,Ōdachō-Ōda,JP,35.1833,132.5,84.97,77,23,6.51,few clouds,2022-07-06 06:17:05
304,George,ZA,-33.963,22.4617,44.15,100,20,5.75,fog,2022-07-06 06:13:10
305,Yaan,NG,7.3833,8.5667,71.53,94,62,2.68,broken clouds,2022-07-06 06:17:06
306,Port Hedland,AU,-20.3167,118.5667,77.05,10,79,12.66,broken clouds,2022-07-06 06:17:06
307,Barstow,US,34.8986,-117.0228,81.59,40,0,14.54,clear sky,2022-07-06 06:17:06
308,College,US,64.8569,-147.8028,74.28,67,75,5.75,smoke,2022-07-06 06:17:07
309,Laranjeiras Do Sul,BR,-25.4078,-52.4161,52.97,84,96,3.74,overcast clouds,2022-07-06 06:17:07
310,Nynäshamn,SE,58.9034,17.9479,62.11,73,18,10.89,few clouds,2022-07-06 06:17:08
311,Bilibino,RU,68.0546,166.4372,58.71,80,99,4.09,overcast clouds,2022-07-06 06:17:08
312,Prabumulih,ID,-3.45,104.25,91.92,53,83,2.46,broken clouds,2022-07-06 06:17:08
313,Berea,US,41.3662,-81.8543,74.46,94,100,4.61,thunderstorm,2022-07-06 06:17:09
314,Snåase,NO,64.2457,12.3778,49.41,93,100,9.71,overcast clouds,2022-07-06 06:17:09
315,Havre-St-Pierre,CA,50.2334,-63.5986,50.0,81,0,3.44,clear sky,2022-07-06 06:17:10
316,Jodhpur,IN,26.2867,73.03,100.09,38,12,19.19,few clouds,2022-07-06 06:17:10
317,Yatou,CN,37.15,122.3833,80.58,84,100,17.25,overcast clouds,2022-07-06 06:17:11
318,Daru,PG,-9.0763,143.2092,79.05,89,99,16.78,overcast clouds,2022-07-06 06:17:11
319,Şuraabad,AZ,40.8192,49.4687,75.85,56,0,6.42,clear sky,2022-07-06 06:17:11
320,Mossamedes,AO,-15.1961,12.1522,63.63,77,0,0.98,clear sky,2022-07-06 06:17:12
321,Alibag,IN,18.6411,72.8792,80.67,84,99,17.29,light rain,2022-07-06 06:17:13
322,Muroto-Misakicho,JP,33.2833,134.15,82.96,77,17,3.91,few clouds,2022-07-06 06:17:13
323,San Policarpo,PH,12.1791,125.5072,83.62,78,100,4.27,light rain,2022-07-06 06:17:13
324,Baghdad,IQ,33.3406,44.4009,101.43,13,0,13.27,clear sky,2022-07-06 06:14:20
325,Calabaca,PH,14.3001,122.4336,86.54,70,96,7.45,moderate rain,2022-07-06 06:17:14
326,Hobyo,SO,5.3505,48.5268,80.85,66,60,27.18,broken clouds,2022-07-06 06:17:14
327,San Cristobal,VE,7.7669,-72.225,65.21,98,69,3.18,broken clouds,2022-07-06 06:16:51
328,Grand Gaube,MU,-20.0064,57.6608,72.0,71,80,5.99,broken clouds,2022-07-06 06:16:20
329,Pickerington,US,39.8842,-82.7535,72.34,96,100,19.57,heavy intensity rain,2022-07-06 06:17:15
330,Davila,PH,18.4726,120.5763,87.78,73,99,4.61,overcast clouds,2022-07-06 06:17:16
331,Nouadhibou,MR,20.931,-17.0347,68.63,81,21,21.83,few clouds,2022-07-06 06:17:16
332,Baykit,RU,61.67,96.37,70.52,47,95,3.38,overcast clouds,2022-07-06 06:17:17
333,Middelkerke,BE,51.1558,2.8418,61.25,88,0,3.44,clear sky,2022-07-06 06:17:17
334,Bonavista,CA,48.6499,-53.1147,52.68,81,20,13.27,few clouds,2022-07-06 06:17:38
335,Meulaboh,ID,4.1363,96.1285,86.83,61,45,3.74,scattered clouds,2022-07-06 06:17:39
336,Halifax,CA,44.6453,-63.5724,62.47,85,100,11.01,moderate rain,2022-07-06 06:15:07
337,Beisfjord,NO,68.3751,17.5988,55.45,80,100,4.68,overcast clouds,2022-07-06 06:17:40
338,Galveston,US,29.3669,-94.9669,83.97,86,39,4.0,scattered clouds,2022-07-06 06:15:38
339,Khed,IN,17.7167,73.3833,80.69,89,98,8.9,overcast clouds,2022-07-06 06:17:40
340,Bengkulu,ID,-3.8004,102.2655,83.93,66,97,5.53,overcast clouds,2022-07-06 06:17:41
341,Birao,CF,10.2849,22.7882,76.78,73,49,5.86,scattered clouds,2022-07-06 06:17:41
342,Ostrovnoy,RU,68.0531,39.5131,65.37,75,100,10.98,light rain,2022-07-06 06:17:42
343,Manavālakurichi,IN,8.1333,77.3,81.48,73,100,19.06,overcast clouds,2022-07-06 06:17:42
344,Sola,VU,-13.8833,167.55,81.18,77,59,16.44,broken clouds,2022-07-06 06:17:42
345,Macenta,GN,8.5435,-9.471,66.97,100,87,1.19,overcast clouds,2022-07-06 06:17:43
346,Itacaré,BR,-14.2775,-38.9967,72.39,88,88,10.02,overcast clouds,2022-07-06 06:17:43
347,Faya,SA,18.3851,42.4509,77.52,21,95,6.89,overcast clouds,2022-07-06 06:17:44
348,Ardahan,TR,41.1087,42.7022,59.27,57,0,4.97,clear sky,2022-07-06 06:17:44
349,Ellsworth,US,44.5434,-68.4195,62.69,95,100,13.8,mist,2022-07-06 06:16:05
350,Lisala,CD,2.15,21.5167,72.09,82,42,2.06,scattered clouds,2022-07-06 06:17:45
351,Krasnyy Chikoy,RU,50.3643,108.7512,74.68,36,55,5.59,broken clouds,2022-07-06 06:17:45
352,Dubti,ET,11.7361,41.0853,95.13,29,23,9.86,few clouds,2022-07-06 06:17:46
353,Benguela,AO,-12.5763,13.4055,67.32,84,5,3.13,clear sky,2022-07-06 06:17:46
354,Vila Franca Do Campo,PT,37.7167,-25.4333,64.2,80,100,7.49,overcast clouds,2022-07-06 06:17:47
355,Rundu,NA,-17.9333,19.7667,54.73,54,5,4.36,clear sky,2022-07-06 06:17:47
356,Broome,US,42.2506,-75.833,73.6,89,75,6.91,broken clouds,2022-07-06 06:17:48
357,Port Lincoln,AU,-34.7333,135.8667,58.77,62,47,11.12,scattered clouds,2022-07-06 06:17:48
358,Aripuanã,BR,-9.1667,-60.6333,68.99,65,8,2.39,clear sky,2022-07-06 06:16:38
359,Gondanglegi,ID,-7.7479,112.0132,84.43,70,92,13.29,overcast clouds,2022-07-06 06:17:49
360,Coxim,BR,-18.5067,-54.76,63.27,40,89,3.94,overcast clouds,2022-07-06 06:17:49
361,Marapanim,BR,-0.7175,-47.6997,71.2,96,6,3.47,clear sky,2022-07-06 06:17:50
362,Slobodskoy,RU,58.7322,50.1772,73.98,49,54,6.71,broken clouds,2022-07-06 06:17:50
363,Kutum,SD,14.2,24.6667,76.55,53,14,11.79,few clouds,2022-07-06 06:17:50
364,Alexandria,EG,31.2156,29.9553,80.11,57,0,8.28,clear sky,2022-07-06 06:17:51
365,Fairbanks,US,64.8378,-147.7164,75.22,66,20,5.75,smoke,2022-07-06 06:15:02
366,Dayong,CN,25.0209,118.2898,83.48,81,100,4.41,overcast clouds,2022-07-06 06:17:51
367,Naze,JP,28.3667,129.4833,83.32,81,63,13.35,broken clouds,2022-07-06 06:17:52
368,Grajaú,BR,-5.8194,-46.1386,71.49,69,24,3.06,few clouds,2022-07-06 06:15:35
369,Dunedin,NZ,-45.8742,170.5036,45.81,68,20,1.99,few clouds,2022-07-06 06:14:33
370,Lüderitz,NA,-26.6481,15.1594,54.5,40,0,6.2,clear sky,2022-07-06 06:17:53
371,Araouane,ML,18.9048,-3.5265,89.69,24,1,10.94,clear sky,2022-07-06 06:17:53
372,Tres Arroyos,AR,-38.3739,-60.2798,40.75,47,77,10.09,broken clouds,2022-07-06 06:17:54
373,Bonfim,BR,3.0833,-59.95,76.48,81,94,4.34,overcast clouds,2022-07-06 06:17:54
374,Amarante Do Maranhão,BR,-5.5667,-46.7422,70.11,73,11,2.62,few clouds,2022-07-06 06:17:54
375,Tabuk,PH,17.4189,121.4443,87.13,69,69,2.73,broken clouds,2022-07-06 06:17:55
376,Ambon City,ID,-3.6954,128.1814,82.54,78,40,6.91,scattered clouds,2022-07-06 06:17:55
377,Santa Rosa,PH,14.3122,121.1114,87.78,84,77,4.16,broken clouds,2022-07-06 06:16:27
378,Lavrentiya,RU,65.5833,-171.0,46.96,86,100,6.44,overcast clouds,2022-07-06 06:17:56
379,Kendari,ID,-3.945,122.4989,79.97,84,41,3.04,scattered clouds,2022-07-06 06:17:56
380,East London,ZA,-33.0153,27.9116,58.14,88,20,12.66,few clouds,2022-07-06 06:17:57
381,Sibolga,ID,1.7427,98.7792,86.23,64,83,3.58,broken clouds,2022-07-06 06:17:57
382,Bethel,US,41.3712,-73.414,74.35,86,100,6.91,overcast clouds,2022-07-06 06:15:59
383,Berëzovka,BY,53.7214,25.4993,56.95,97,100,13.06,overcast clouds,2022-07-06 06:17:58
384,Talnakh,RU,69.4865,88.3972,54.1,77,100,2.95,light rain,2022-07-06 06:17:58
385,Clovis,US,36.8252,-119.7029,77.85,60,40,16.11,scattered clouds,2022-07-06 06:17:59
386,Cortez,US,37.3489,-108.5859,60.93,83,0,4.61,clear sky,2022-07-06 06:17:59
387,Manado,ID,1.487,124.8455,90.37,66,40,3.44,scattered clouds,2022-07-06 06:17:59
388,Launceston,AU,-41.45,147.1667,52.81,90,100,12.66,overcast clouds,2022-07-06 06:13:29
389,Grand Island,US,40.925,-98.342,73.35,84,20,10.36,moderate rain,2022-07-06 06:15:41
390,Ouadda,CF,8.0777,22.4007,70.59,87,95,2.55,overcast clouds,2022-07-06 06:18:00
391,Biloela,AU,-24.4167,150.5,62.08,53,3,10.42,clear sky,2022-07-06 06:18:01
392,Avera,US,33.194,-82.5271,78.85,81,73,7.58,broken clouds,2022-07-06 06:18:01
393,Cardiff,GB,51.48,-3.18,62.91,88,100,5.75,overcast clouds,2022-07-06 06:17:19
394,Nome,US,64.5011,-165.4064,53.67,76,100,8.05,overcast clouds,2022-07-06 06:18:02
395,Bosobolo,CD,4.1833,19.9,71.8,95,37,2.06,scattered clouds,2022-07-06 06:18:03
396,Kralendijk,BQ,12.15,-68.2667,78.78,89,93,11.5,overcast clouds,2022-07-06 06:17:14
397,Muhafazat Lahij,YE,13.1667,44.5833,95.18,29,24,4.61,few clouds,2022-07-06 06:18:03
398,La Ronge,CA,55.1001,-105.2842,61.02,72,100,2.3,overcast clouds,2022-07-06 06:18:04
399,Dutse,NG,11.7594,9.3392,76.33,70,64,11.12,broken clouds,2022-07-06 06:18:04
400,Necochea,AR,-38.5473,-58.7368,41.67,61,88,9.95,overcast clouds,2022-07-06 06:18:05
401,Mitsamiouli,KM,-11.3847,43.2844,77.88,69,7,15.01,clear sky,2022-07-06 06:18:05
402,Charters Towers,AU,-20.1,146.2667,66.25,48,0,11.41,clear sky,2022-07-06 06:18:05
403,Robertsport,LR,6.7533,-11.3686,75.69,85,89,2.46,light rain,2022-07-06 06:18:06
404,Maceió,BR,-9.6658,-35.7353,74.64,88,75,4.61,broken clouds,2022-07-06 06:18:06
405,Kuandian,CN,40.7286,124.7847,76.21,92,100,1.59,overcast clouds,2022-07-06 06:18:07
406,Redmond,US,47.674,-122.1215,63.99,74,96,1.99,overcast clouds,2022-07-06 06:15:12
407,Creel,MX,27.75,-107.6333,56.82,83,100,4.25,overcast clouds,2022-07-06 06:18:08
408,Nemuro,JP,43.3236,145.575,54.82,96,100,10.02,overcast clouds,2022-07-06 06:18:08
409,Bouca,CF,6.5105,18.2733,69.35,97,96,2.04,light rain,2022-07-06 06:18:08
410,Yerbogachën,RU,61.2767,108.0108,72.9,39,100,7.07,overcast clouds,2022-07-06 06:18:09
411,Freeport,US,40.6576,-73.5832,76.37,78,100,12.66,overcast clouds,2022-07-06 06:18:09
412,Tevaitoa,PF,-16.7833,-151.5,79.66,72,3,8.66,clear sky,2022-07-06 06:18:10
413,Japura,ID,-0.3167,102.35,83.98,74,99,0.58,overcast clouds,2022-07-06 06:18:10
414,Gravdal,NO,68.1214,13.5031,55.29,71,75,12.66,broken clouds,2022-07-06 06:18:11
415,Shingū,JP,33.7333,135.9833,85.05,80,38,3.22,scattered clouds,2022-07-06 06:18:11
416,Santa Cruz De La Palma,ES,28.6835,-17.7642,69.94,64,75,13.8,broken clouds,2022-07-06 06:18:11
417,Lagoa,PT,39.05,-27.9833,65.1,82,100,13.27,light rain,2022-07-06 06:18:12
418,Linxia Chengguanzhen,CN,35.6003,103.2064,87.28,26,0,3.6,clear sky,2022-07-06 06:18:12
419,Goundam,ML,16.4145,-3.6708,86.65,41,59,9.53,broken clouds,2022-07-06 06:18:13
420,Chatrā,IN,24.2167,84.8667,92.48,48,46,16.4,scattered clouds,2022-07-06 06:18:13
421,Maraã,BR,-1.8333,-65.3667,72.46,95,73,2.53,broken clouds,2022-07-06 06:18:14
422,Asău,RO,46.4333,26.4,76.28,46,63,3.98,broken clouds,2022-07-06 06:18:14
423,Coos Bay,US,43.3665,-124.2179,62.92,97,100,0.0,overcast clouds,2022-07-06 06:18:15
424,Vanimo,PG,-2.6741,141.3028,82.74,77,78,2.91,light rain,2022-07-06 06:18:15
425,Foxton,NZ,-40.4667,175.3,47.73,82,65,4.83,broken clouds,2022-07-06 06:18:15
426,Westport,US,41.1415,-73.3579,74.93,87,100,12.66,overcast clouds,2022-07-06 06:14:38
427,Kloulklubed,PW,7.0419,134.2556,81.1,67,60,3.91,broken clouds,2022-07-06 06:18:16
428,Bānswāra,IN,23.55,74.45,87.87,63,78,6.08,broken clouds,2022-07-06 06:18:17
429,Orthez,FR,43.4884,-0.7724,67.77,92,2,2.46,light rain,2022-07-06 06:18:17
430,Tazovsky,RU,67.4667,78.7,57.76,74,95,7.61,overcast clouds,2022-07-06 06:18:17
431,Kot Samaba,PK,28.5522,70.4684,107.11,32,83,13.53,broken clouds,2022-07-06 06:18:18
432,Lomovka,RU,53.9194,58.3672,52.54,82,83,2.46,broken clouds,2022-07-06 06:17:30
433,Brae,GB,60.3964,-1.353,53.89,98,100,15.35,moderate rain,2022-07-06 06:18:19
434,Gannan,CN,47.9147,123.5031,81.64,69,100,13.22,moderate rain,2022-07-06 06:18:19
435,Port Blair,IN,11.6667,92.75,83.8,77,100,14.61,overcast clouds,2022-07-06 06:18:20
436,Nālūt,LY,30.3333,10.85,81.91,31,0,7.16,clear sky,2022-07-06 06:18:20
437,Omboué,GA,-1.5746,9.2618,68.86,88,26,5.12,scattered clouds,2022-07-06 06:18:21
438,Río Gallegos,AR,-51.6226,-69.2181,19.45,73,20,3.44,few clouds,2022-07-06 06:18:21
439,Venado Tuerto,AR,-33.7456,-61.9688,46.76,91,9,8.5,clear sky,2022-07-06 06:18:21
440,Maniitsoq,GL,65.4167,-52.9,40.06,92,53,3.13,broken clouds,2022-07-06 06:18:22
441,Kenora,CA,49.8167,-94.4337,56.59,78,32,4.27,scattered clouds,2022-07-06 06:15:13
442,São Félix Do Xingu,BR,-6.6447,-51.995,75.2,60,79,1.92,broken clouds,2022-07-06 06:18:23
443,Hattiesburg,US,31.3271,-89.2903,74.64,100,100,5.75,mist,2022-07-06 06:18:23
444,Atar,MR,20.5169,-13.0499,89.89,23,20,11.48,few clouds,2022-07-06 06:18:23
445,Monrovia,LR,6.3005,-10.7969,74.97,89,41,4.88,light rain,2022-07-06 06:16:04
446,Onega,RU,63.9061,38.1404,67.82,62,37,8.88,scattered clouds,2022-07-06 06:18:24
447,Feldkirchen-Westerham,DE,47.9075,11.8427,64.71,76,59,3.91,broken clouds,2022-07-06 06:18:24
448,Ust-Tsilma,RU,65.441,52.1498,79.68,41,72,5.28,broken clouds,2022-07-06 06:18:25
449,Changji,CN,44.0167,87.3167,75.99,43,20,8.95,few clouds,2022-07-06 06:18:25
450,Banikoara,BJ,11.2985,2.4386,74.05,86,71,3.6,broken clouds,2022-07-06 06:18:26
451,West Bay,KY,19.3667,-81.4167,82.0,87,30,1.01,scattered clouds,2022-07-06 06:18:26
452,Kasongo-Lunda,CD,-6.4667,16.8167,66.83,38,38,2.21,scattered clouds,2022-07-06 06:18:27
453,Sobolevo,RU,54.4299,31.8996,68.09,74,100,4.68,overcast clouds,2022-07-06 06:18:27
454,Verkh-Usugli,RU,52.7,115.1667,55.02,97,100,4.59,moderate rain,2022-07-06 06:18:28
455,Vestmannaeyjar,IS,63.4427,-20.2734,53.01,91,100,13.62,overcast clouds,2022-07-06 06:18:28
456,Mackay,AU,-21.15,149.2,70.68,64,0,2.33,clear sky,2022-07-06 06:18:29
457,Umm Kaddadah,SD,13.6017,26.6876,83.98,49,7,12.12,clear sky,2022-07-06 06:18:29
458,Andover,GB,51.2083,-1.4825,60.33,91,75,4.61,broken clouds,2022-07-06 06:14:25
459,Koulamoutou,GA,-1.1303,12.4736,71.62,87,43,1.1,scattered clouds,2022-07-06 06:18:30
460,Marktoberdorf,DE,47.7833,10.6167,61.72,79,20,4.61,few clouds,2022-07-06 06:18:30
461,Ţaga,RO,46.95,24.05,64.72,92,100,8.86,overcast clouds,2022-07-06 06:18:30
462,Tambopata,PE,-12.7333,-69.1833,71.11,74,50,2.15,scattered clouds,2022-07-06 06:18:31
463,Abonnema,NG,4.7084,6.7931,73.54,95,65,2.06,broken clouds,2022-07-06 06:18:31
464,Saint-Estève,FR,42.7131,2.843,77.72,48,75,9.22,broken clouds,2022-07-06 06:18:32
465,Nipawin,CA,53.3668,-104.0009,59.04,100,100,3.44,overcast clouds,2022-07-06 06:18:32
466,Vilcún,CL,-38.65,-72.2333,45.34,90,99,11.43,overcast clouds,2022-07-06 06:17:10
467,Cadiz,ES,36.5,-5.75,63.12,96,38,0.78,scattered clouds,2022-07-06 06:18:33
468,Hasaki,JP,35.7333,140.8333,77.4,89,96,27.16,overcast clouds,2022-07-06 06:18:33
469,Port Hawkesbury,CA,45.6169,-61.3485,64.35,81,100,1.01,light rain,2022-07-06 06:18:34
470,Novaya Malykla,RU,54.2,49.95,69.17,57,1,8.14,clear sky,2022-07-06 06:18:34
471,Poum,NC,-20.2333,164.0167,76.82,81,95,21.79,moderate rain,2022-07-06 06:18:34
472,Cuiluan,CN,47.72,128.648,86.99,59,46,8.21,scattered clouds,2022-07-06 06:18:35
473,Mount Gambier,AU,-37.8333,140.7667,55.69,67,45,7.27,scattered clouds,2022-07-06 06:18:36
474,Hambantota,LK,6.1241,81.1185,86.32,63,94,20.2,overcast clouds,2022-07-06 06:18:36
475,Khandyga,RU,62.6667,135.6,96.28,30,5,12.55,clear sky,2022-07-06 06:18:37
476,Viedma,AR,-40.8135,-62.9967,50.27,40,95,13.62,overcast clouds,2022-07-06 06:18:37
477,Pierre,US,44.3683,-100.351,69.06,89,0,3.0,clear sky,2022-07-06 06:18:37
478,San Angelo,US,31.4638,-100.437,86.54,47,0,6.91,clear sky,2022-07-06 06:18:38
479,Faanui,PF,-16.4833,-151.75,79.52,71,2,7.9,clear sky,2022-07-06 06:18:38
480,Alençon,FR,48.4333,0.0833,57.18,83,0,3.06,clear sky,2022-07-06 06:18:39
481,Soe,ID,-9.8607,124.284,69.73,62,31,6.11,scattered clouds,2022-07-06 06:18:40
482,Ojinaga,MX,29.5667,-104.4167,70.75,100,75,5.75,broken clouds,2022-07-06 06:18:40
483,Kimbe,PG,-5.5502,150.1429,83.41,80,100,2.17,light rain,2022-07-06 06:18:40
484,Raudeberg,NO,61.9875,5.1352,49.96,83,97,27.78,light rain,2022-07-06 06:18:41
485,Kalispell,US,48.1958,-114.3129,62.04,74,0,3.44,clear sky,2022-07-06 06:18:41
486,Beringovskiy,RU,63.05,179.3167,47.34,89,100,7.81,overcast clouds,2022-07-06 06:18:42
487,Dryden,CA,49.7833,-92.7503,59.29,82,0,4.61,clear sky,2022-07-06 06:15:40
488,Vao,NC,-22.6667,167.4833,74.89,78,95,13.58,overcast clouds,2022-07-06 06:18:42
489,Province Of Mantua,IT,45.1667,10.7833,73.09,86,50,4.0,scattered clouds,2022-07-06 06:18:43
490,Teguise,ES,29.0605,-13.564,66.42,73,40,13.8,scattered clouds,2022-07-06 06:18:43
491,Botou,CN,38.0667,116.5667,78.76,80,100,10.27,overcast clouds,2022-07-06 06:18:44
492,Oranjemund,NA,-28.55,16.4333,51.48,66,0,6.87,clear sky,2022-07-06 06:18:44
493,Buala,SB,-8.145,159.5921,83.64,71,100,9.6,overcast clouds,2022-07-06 06:18:45
494,Zandvoort,NL,52.3749,4.5341,62.94,63,20,9.22,few clouds,2022-07-06 06:18:45
495,Santa Cruz De La Sierra,BO,-17.8,-63.1667,71.06,83,75,6.91,broken clouds,2022-07-06 06:18:46
496,Arequipa,PE,-16.3989,-71.535,55.54,32,71,2.01,broken clouds,2022-07-06 06:18:46
497,Willowmore,ZA,-33.2926,23.4895,48.16,93,77,2.91,broken clouds,2022-07-06 06:18:46
498,The Valley,AI,18.217,-63.0578,81.1,79,42,20.78,scattered clouds,2022-07-06 06:18:47
499,Hīrna,ET,9.2167,41.1,68.83,63,64,4.99,broken clouds,2022-07-06 06:18:47
500,Doka,SD,13.5167,35.7667,80.69,60,17,11.92,few clouds,2022-07-06 06:18:48
501,Tyukalinsk,RU,55.8732,72.1967,58.71,98,100,8.16,overcast clouds,2022-07-06 06:18:48
502,Naurskaya,RU,43.6519,45.3133,83.34,34,4,8.21,clear sky,2022-07-06 06:18:49
503,Vila Velha,BR,-20.3297,-40.2925,65.95,95,0,0.0,clear sky,2022-07-06 06:15:59
504,Taoudenni,ML,22.6783,-3.9836,93.79,11,2,6.76,clear sky,2022-07-06 06:18:49
505,Sakakah,SA,29.9697,40.2064,87.37,16,0,15.61,clear sky,2022-07-06 06:18:50
506,Cap-Chat,CA,49.1001,-66.6821,53.6,76,86,1.14,overcast clouds,2022-07-06 06:18:50
507,Manta,EC,-0.95,-80.7333,71.38,88,20,4.61,few clouds,2022-07-06 06:18:51
508,Morant Bay,JM,17.8815,-76.4093,80.22,86,76,7.56,broken clouds,2022-07-06 06:18:51
509,Masakin,TN,35.7292,10.5808,84.4,44,2,1.14,clear sky,2022-07-06 06:18:51
510,Dauriya,RU,49.9333,116.8667,68.76,66,90,2.19,overcast clouds,2022-07-06 06:18:52
511,Pompéia,BR,-22.1086,-50.1717,57.51,57,99,4.09,overcast clouds,2022-07-06 06:18:52
512,Mingora,PK,34.7758,72.3625,88.18,58,100,4.63,overcast clouds,2022-07-06 06:16:28
513,Alofi,NU,-19.0595,-169.9187,73.29,78,85,9.22,overcast clouds,2022-07-06 06:18:53
514,Kadoma,JP,34.7333,135.5833,91.65,57,40,16.11,scattered clouds,2022-07-06 06:18:53
515,Kaeo,NZ,-35.1,173.7833,59.0,93,100,2.98,light rain,2022-07-06 06:18:54
516,Pāvilosta,LV,56.8879,21.1859,64.31,69,98,8.84,overcast clouds,2022-07-06 06:18:54
517,Malé,MV,4.1748,73.5089,82.99,78,100,12.5,overcast clouds,2022-07-06 06:18:55
518,Tazmalt,DZ,36.3868,4.3989,87.17,34,54,2.71,broken clouds,2022-07-06 06:18:55
519,Tupik,RU,54.4253,119.9327,65.91,95,100,10.33,moderate rain,2022-07-06 06:18:56
520,Conceição Do Araguaia,BR,-8.2578,-49.2647,73.27,54,40,2.37,scattered clouds,2022-07-06 06:18:56
521,Mayumba,GA,-3.432,10.6554,67.69,91,48,3.51,scattered clouds,2022-07-06 06:18:57
522,Tautira,PF,-17.7333,-149.15,77.99,79,23,13.04,light rain,2022-07-06 06:18:57
523,Mookane,BW,-23.688,26.6595,54.97,64,0,4.0,clear sky,2022-07-06 06:18:57
524,Orlik,RU,52.5178,99.825,70.95,37,91,6.78,overcast clouds,2022-07-06 06:18:58
525,Tucumã,BR,-0.1833,-50.05,73.18,92,16,4.5,few clouds,2022-07-06 06:18:58
526,Laurel,US,39.0993,-76.8483,78.26,94,40,6.91,scattered clouds,2022-07-06 06:15:12
527,Vallenar,CL,-28.5708,-70.7581,54.95,51,100,1.54,overcast clouds,2022-07-06 06:18:59
528,Along,IN,28.1667,94.7667,96.26,51,16,2.95,few clouds,2022-07-06 06:18:59
529,Te Anau,NZ,-45.4167,167.7167,37.45,91,3,0.96,clear sky,2022-07-06 06:19:00
530,Bowen,AU,-20.0167,148.2333,68.02,58,0,6.89,clear sky,2022-07-06 06:19:00
531,Pitimbu,BR,-7.4706,-34.8086,72.19,83,18,11.1,few clouds,2022-07-06 06:19:01
532,Sosnovo-Ozerskoye,RU,52.5249,111.5418,57.02,83,100,7.09,light rain,2022-07-06 06:19:01
533,San Andrés,CO,12.5847,-81.7006,82.42,83,75,11.5,broken clouds,2022-07-06 06:19:02
534,Pundaguitan,PH,6.3711,126.1689,82.9,73,95,6.89,overcast clouds,2022-07-06 06:19:02
535,Darapidap,PH,17.2131,120.4114,87.03,78,100,2.13,overcast clouds,2022-07-06 06:19:02
536,Brovst,DK,57.0956,9.528,59.97,63,24,13.8,few clouds,2022-07-06 06:19:03
537,Balakhta,RU,55.38,91.6,59.32,90,100,8.55,moderate rain,2022-07-06 06:19:04
538,Oranjestad,AW,12.524,-70.027,79.99,86,24,20.94,few clouds,2022-07-06 06:14:59
539,Fuxin,CN,42.0156,121.6589,70.86,98,100,5.14,moderate rain,2022-07-06 06:19:04
540,Hargeisa,SO,9.56,44.065,74.62,51,32,28.66,scattered clouds,2022-07-06 06:19:05
541,Karema,TZ,-6.8205,30.4389,70.68,45,17,7.23,few clouds,2022-07-06 06:19:05
542,Cairns,AU,-16.9167,145.7667,77.07,64,68,8.05,broken clouds,2022-07-06 06:16:22
543,Biak,ID,-0.9131,122.8766,80.83,75,89,5.59,overcast clouds,2022-07-06 06:19:06
544,Rumphi,MW,-11.0186,33.8575,64.24,57,2,4.14,clear sky,2022-07-06 06:19:06
545,Severomuysk,RU,56.1481,113.4267,51.75,83,100,4.18,light rain,2022-07-06 06:19:07
546,Kungurtug,RU,50.5994,97.5228,63.28,67,76,11.27,broken clouds,2022-07-06 06:19:07
547,Omsukchan,RU,62.5333,155.8,71.55,57,100,2.59,overcast clouds,2022-07-06 06:19:07
548,Sittwe,MM,20.15,92.9,85.28,74,100,12.62,overcast clouds,2022-07-06 06:19:08
549,Wilmington,US,34.2257,-77.9447,82.0,85,0,10.36,clear sky,2022-07-06 06:15:18
550,Barra Patuca,HN,15.8,-84.2833,79.29,85,86,10.49,overcast clouds,2022-07-06 06:19:08
551,Paraná,AR,-31.732,-60.5238,51.55,92,1,5.5,light rain,2022-07-06 06:19:09
552,Banjar,ID,-8.19,114.9675,83.41,69,99,3.69,overcast clouds,2022-07-06 06:19:09
553,Ndioum,SN,16.5129,-14.6471,81.12,64,31,16.8,scattered clouds,2022-07-06 06:19:10
554,Turaif,SA,31.6725,38.6637,79.05,34,0,11.5,clear sky,2022-07-06 06:19:10
555,Coahuayana Viejo,MX,18.7333,-103.6833,76.98,94,87,3.87,overcast clouds,2022-07-06 06:19:11
556,Alta Floresta,BR,-9.8756,-56.0861,66.31,65,24,3.31,few clouds,2022-07-06 06:19:11
557,Tieli,CN,46.95,128.05,84.7,72,59,7.56,broken clouds,2022-07-06 06:19:11
558,Arrondissement De Gap,FR,44.6667,6.0,51.84,68,32,5.88,scattered clouds,2022-07-06 06:19:12
559,Magugu,TZ,-4.0167,35.7667,68.04,58,45,1.63,scattered clouds,2022-07-06 06:19:12
560,Camaná,PE,-16.6228,-72.7111,59.79,88,92,7.49,overcast clouds,2022-07-06 06:19:13
561,Tvøroyri,FO,61.5556,-6.8111,51.33,99,100,13.91,light rain,2022-07-06 06:19:13
562,Ossora,RU,59.2353,163.0719,56.71,81,100,4.56,overcast clouds,2022-07-06 06:19:14
563,Ridgecrest,US,35.6225,-117.6709,82.26,32,0,12.66,clear sky,2022-07-06 06:17:51
564,Huarmey,PE,-10.0681,-78.1522,61.54,89,59,7.65,broken clouds,2022-07-06 06:19:14
565,Broken Hill,AU,-31.95,141.4333,58.57,40,0,12.73,clear sky,2022-07-06 06:19:15
566,Castro Alves,BR,-12.7656,-39.4283,64.54,97,47,4.03,scattered clouds,2022-07-06 06:19:15
567,Skellefteå,SE,64.7507,20.9528,59.36,58,4,6.91,clear sky,2022-07-06 06:19:16
568,Marawi,PH,7.9986,124.2928,77.22,85,85,4.07,light rain,2022-07-06 06:19:16
569,Conchas,BR,-23.0153,-48.0106,55.04,65,86,2.37,overcast clouds,2022-07-06 06:19:17
570,Rawson,AR,-43.3002,-65.1023,44.26,54,36,13.27,scattered clouds,2022-07-06 06:19:17
571,Georgiyevka,KZ,43.0369,74.7114,80.64,36,0,4.47,clear sky,2022-07-06 06:19:18
572,Okha,RU,53.5739,142.9478,80.51,55,4,11.03,clear sky,2022-07-06 06:19:18
573,Newtownards,GB,54.5924,-5.6909,60.75,84,75,11.5,broken clouds,2022-07-06 06:19:18
574,Nichinan,JP,31.6,131.3667,85.68,72,100,8.86,overcast clouds,2022-07-06 06:19:19
575,Morro Bay,US,35.3658,-120.8499,66.18,89,37,1.99,scattered clouds,2022-07-06 06:19:19
576,Cândido De Abreu,BR,-24.5669,-51.3333,56.41,90,100,2.13,overcast clouds,2022-07-06 06:19:20
577,Kaya,BF,13.0917,-1.0844,80.42,64,97,10.33,overcast clouds,2022-07-06 06:19:20
578,Buchloe,DE,48.0333,10.7333,62.31,72,20,5.75,few clouds,2022-07-06 06:19:21
579,Jalu,LY,29.0331,21.5482,80.91,24,0,7.78,clear sky,2022-07-06 06:19:21
580,Nishihara,JP,26.1842,127.7558,87.46,92,75,12.66,mist,2022-07-06 06:19:22
581,Lilongwe,MW,-13.9669,33.7873,62.53,53,1,4.16,clear sky,2022-07-06 06:19:22
582,Chake Chake,TZ,-5.2459,39.7666,78.13,67,57,12.73,broken clouds,2022-07-06 06:19:22
583,Kisesa,TZ,-3.0833,34.15,68.31,49,61,9.48,broken clouds,2022-07-06 06:19:23
584,Prachuap Khiri Khan,TH,12.2167,99.75,91.58,54,91,9.75,overcast clouds,2022-07-06 06:19:23
585,Cap Malheureux,MU,-19.9842,57.6142,70.47,73,73,4.0,broken clouds,2022-07-06 06:19:24
586,Shetpe,KZ,44.1667,52.1167,72.23,45,1,18.19,clear sky,2022-07-06 06:19:24
587,Tarko-Sale,RU,64.9225,77.785,65.17,51,46,8.93,scattered clouds,2022-07-06 06:19:25
588,Saint-François,FR,46.4154,3.9054,60.67,82,0,0.0,clear sky,2022-07-06 06:19:25
589,Forio,IT,40.7342,13.8646,82.78,80,1,5.01,clear sky,2022-07-06 06:19:25
590,Ma’Anshan,CN,31.6957,118.4983,91.45,76,99,15.5,overcast clouds,2022-07-06 06:19:26
591,Road Town,VG,18.4167,-64.6167,80.69,79,25,18.28,scattered clouds,2022-07-06 06:15:13
592,Massakory,TD,12.996,15.7293,81.46,53,96,15.79,overcast clouds,2022-07-06 06:19:27
593,Chifeng,CN,42.2683,118.9636,70.45,81,100,3.91,overcast clouds,2022-07-06 06:19:27
594,Udachny,RU,66.4167,112.4,70.83,38,61,10.33,broken clouds,2022-07-06 06:19:28
595,Sabla,NG,12.7525,4.7077,78.39,73,32,10.29,scattered clouds,2022-07-06 06:19:28
596,Listvyanskiy,RU,54.4399,83.4984,62.76,84,78,10.96,light rain,2022-07-06 06:19:28
597,Quatre Cocos,MU,-20.2078,57.7625,71.71,64,95,13.51,overcast clouds,2022-07-06 06:19:29
598,Pesca,CO,5.55,-73.05,44.87,92,40,3.18,light rain,2022-07-06 06:19:29
599,Padre Bernardo,BR,-15.35,-48.5,58.62,63,0,2.84,clear sky,2022-07-06 06:19:30
600,Lala,PH,7.9745,123.7458,82.98,85,75,3.83,broken clouds,2022-07-06 06:19:30
601,Waycross,US,31.2136,-82.354,79.05,100,57,4.59,broken clouds,2022-07-06 06:19:30
602,Evensk,RU,61.95,159.2333,52.45,82,99,5.68,overcast clouds,2022-07-06 06:19:31
603,Nuuk,GL,64.1835,-51.7216,45.21,93,100,21.85,light snow,2022-07-06 06:19:31
604,Gizo Government Station,SB,-8.103,156.8419,84.38,68,82,3.67,broken clouds,2022-07-06 06:19:32
605,Tsiroanomandidy,MG,-18.7667,46.0333,64.26,52,0,3.4,clear sky,2022-07-06 06:19:32
606,Salinas,US,36.6777,-121.6555,64.92,78,75,6.91,broken clouds,2022-07-06 06:17:21
607,Bodden Town,KY,19.2833,-81.25,81.93,86,37,1.01,scattered clouds,2022-07-06 06:19:33
608,Tabou,CI,4.423,-7.3528,75.97,83,98,4.65,overcast clouds,2022-07-06 06:19:33
609,Naryan-Mar,RU,67.6713,53.087,69.48,49,22,8.28,few clouds,2022-07-06 06:19:34
610,La Paz,BO,-16.5,-68.15,31.98,64,39,5.75,scattered clouds,2022-07-06 06:16:45
611,Poronaysk,RU,49.2167,143.1167,58.15,86,40,12.46,scattered clouds,2022-07-06 06:19:34
612,Umluj,SA,25.0213,37.2685,90.23,39,3,8.08,clear sky,2022-07-06 06:19:35
613,Tighina,MD,46.8306,29.4711,83.17,28,25,5.77,scattered clouds,2022-07-06 06:19:35
614,Fortuna Foothills,US,32.6578,-114.4119,84.29,19,0,11.5,clear sky,2022-07-06 06:19:35
615,Chumikan,RU,54.7183,135.315,75.54,57,8,4.29,clear sky,2022-07-06 06:19:36
616,Bac Lieu,VN,9.285,105.7244,87.17,69,70,13.49,heavy intensity rain,2022-07-06 06:19:36
617,Kavarna,BG,43.4333,28.3333,82.58,49,0,2.3,clear sky,2022-07-06 06:19:37
618,Shestakovo,RU,56.4915,103.96,75.02,44,76,4.25,broken clouds,2022-07-06 06:19:37
619,Soyo,AO,-6.1349,12.3689,68.27,88,62,4.23,broken clouds,2022-07-06 06:19:38
620,Novopokrovka,UA,49.8425,36.5477,78.62,47,14,6.49,few clouds,2022-07-06 06:19:38
621,Baruun-Urt,MN,46.6806,113.2792,76.53,33,3,16.55,clear sky,2022-07-06 06:19:38
622,Sayyan,YE,15.1718,44.3244,72.43,26,92,6.49,overcast clouds,2022-07-06 06:19:39
623,Farafangana,MG,-22.8167,47.8333,69.08,72,12,5.03,few clouds,2022-07-06 06:19:39
624,Karasjok,NO,69.4719,25.5112,58.69,67,36,15.17,scattered clouds,2022-07-06 06:19:40
625,Yar-Sale,RU,66.8333,70.8333,65.19,58,37,11.27,scattered clouds,2022-07-06 06:19:40
626,Ozernovskiy,RU,51.5,156.5167,50.49,90,99,4.12,overcast clouds,2022-07-06 06:19:41
627,Matara,LK,5.9485,80.5353,84.27,68,95,12.86,overcast clouds,2022-07-06 06:19:41
628,Euskirchen,DE,50.6667,6.7833,60.15,77,52,4.47,broken clouds,2022-07-06 06:19:41
629,Bariloche,AR,-41.1456,-71.3082,35.24,86,75,4.61,snow,2022-07-06 06:19:42
630,Santarém,BR,-2.4431,-54.7083,77.13,94,0,2.3,clear sky,2022-07-06 06:19:42
631,Prince Rupert,CA,54.3161,-130.3201,57.29,96,100,6.91,overcast clouds,2022-07-06 06:19:43
632,Bermeo,ES,43.4209,-2.7215,68.2,87,35,9.17,light rain,2022-07-06 06:19:43
633,Neuquén,AR,-38.9516,-68.0591,46.29,71,75,0.0,broken clouds,2022-07-06 06:19:44
634,Casper,US,42.8666,-106.3131,70.39,65,0,5.75,clear sky,2022-07-06 06:19:44
635,Shiyan,CN,32.6475,110.7781,98.29,32,0,3.91,clear sky,2022-07-06 06:19:45
636,Merauke,ID,-8.4667,140.3333,79.88,79,100,15.3,overcast clouds,2022-07-06 06:19:45
637,Zhezkazgan,KZ,47.8043,67.7144,66.18,55,75,22.37,moderate rain,2022-07-06 06:19:45
638,Hirara,JP,24.8,125.2833,88.07,74,40,13.8,scattered clouds,2022-07-06 06:19:46
639,Kalmunai,LK,7.4167,81.8167,92.25,46,93,6.33,overcast clouds,2022-07-06 06:19:46
640,San Rafael Del Sur,NI,11.8485,-86.4384,77.43,85,100,8.01,overcast clouds,2022-07-06 06:19:47
641,Haysville,US,37.5645,-97.3523,86.32,54,75,14.97,broken clouds,2022-07-06 06:17:19
642,Mujiayingzi,CN,42.1167,118.7833,70.61,77,100,3.47,overcast clouds,2022-07-06 06:19:47
643,Tornio,FI,65.8481,24.1466,60.82,66,1,12.37,clear sky,2022-07-06 06:19:48
644,Pangody,RU,65.85,74.4859,60.35,78,100,8.93,overcast clouds,2022-07-06 06:19:48
645,Ladário,BR,-19.0047,-57.6017,66.4,44,81,1.16,broken clouds,2022-07-06 06:19:49
646,Honiara,SB,-9.4333,159.95,84.78,62,98,6.42,overcast clouds,2022-07-06 06:19:49
647,Snyder,US,32.7179,-100.9176,83.32,47,0,5.75,clear sky,2022-07-06 06:19:50
648,Ribeira Brava,PT,32.65,-17.0667,68.63,75,26,5.28,scattered clouds,2022-07-06 06:19:50
649,Kasungu,MW,-13.0333,33.4833,63.72,59,0,6.62,clear sky,2022-07-06 06:19:50
650,Khani,GE,41.9563,42.9566,71.17,41,0,5.19,clear sky,2022-07-06 06:19:51
651,Shakawe,BW,-18.3667,21.85,58.14,47,3,3.69,clear sky,2022-07-06 06:19:51
652,Wajima,JP,37.4,136.9,88.48,58,20,9.22,few clouds,2022-07-06 06:17:50
653,Warrnambool,AU,-38.3833,142.4833,55.81,63,3,9.84,clear sky,2022-07-06 06:19:52
654,Bay Saint Louis,US,30.3088,-89.33,76.01,99,65,2.42,broken clouds,2022-07-06 06:19:52
655,Anaconda,US,46.1285,-112.9423,61.79,72,21,2.42,few clouds,2022-07-06 06:19:53
656,Bor,RU,56.3567,44.0669,76.93,63,67,6.73,broken clouds,2022-07-06 06:16:25
657,Vokhma,RU,58.9303,46.7586,73.33,57,99,6.31,overcast clouds,2022-07-06 06:19:53
658,Belyy Yar,RU,53.6039,91.3903,75.09,41,40,13.42,scattered clouds,2022-07-06 06:19:54
659,Moyale,KE,3.5167,39.0584,65.12,73,65,14.47,broken clouds,2022-07-06 06:19:54
660,Kaneohe,US,21.4181,-157.8036,78.39,74,20,16.11,few clouds,2022-07-06 06:19:55
661,Surab,PK,28.4914,66.2585,82.58,49,16,11.77,few clouds,2022-07-06 06:19:55
662,Niamey,NE,13.5137,2.1098,82.69,65,0,4.61,clear sky,2022-07-06 06:19:56
663,San Isidro,PE,-12.1167,-77.05,61.02,88,100,8.05,light intensity drizzle,2022-07-06 06:19:56
664,Inuvik,CA,68.3499,-133.7218,72.36,68,20,5.75,few clouds,2022-07-06 06:19:56
665,‘Ewa Beach,US,21.3156,-158.0072,78.75,67,0,16.11,clear sky,2022-07-06 06:19:57
666,Pangnirtung,CA,66.1451,-65.7125,43.03,80,99,1.57,overcast clouds,2022-07-06 06:19:57
667,Najrān,SA,17.4924,44.1277,92.05,13,88,21.5,overcast clouds,2022-07-06 06:19:58
668,City Of San Pedro,PH,14.35,121.0167,87.03,77,75,8.05,broken clouds,2022-07-06 06:19:58
669,Gmina Świecie,PL,53.4095,18.4474,67.24,66,76,5.01,broken clouds,2022-07-06 06:19:58
670,Leshan,CN,29.5623,103.7639,100.9,32,0,6.62,clear sky,2022-07-06 06:19:59
671,Lere,NG,10.387,8.5726,67.98,92,68,2.91,broken clouds,2022-07-06 06:19:59
672,Kyra,RU,49.5776,111.9753,69.39,52,66,5.64,broken clouds,2022-07-06 06:20:00
673,Klaksvík,FO,62.2266,-6.589,50.92,99,100,8.08,light rain,2022-07-06 06:20:00
674,Yuancheng,CN,36.652,107.7896,90.81,18,0,5.73,clear sky,2022-07-06 06:20:01
675,Toamasina,MG,-18.1667,49.3833,70.25,74,89,9.31,overcast clouds,2022-07-06 06:20:01
676,Kushima,JP,31.4583,131.2333,85.66,70,100,7.45,overcast clouds,2022-07-06 06:20:02
677,Alappuzha,IN,9.49,76.3264,77.77,87,100,11.9,overcast clouds,2022-07-06 06:18:02
678,Whitehorse,CA,60.7161,-135.0538,63.37,69,75,5.75,smoke,2022-07-06 06:20:02
679,Luleå,SE,65.5842,22.1547,59.07,63,0,11.5,clear sky,2022-07-06 06:20:03
680,Aksarka,RU,66.5606,67.7975,56.73,79,100,5.35,overcast clouds,2022-07-06 06:20:03
681,Koumac,NC,-20.5667,164.2833,78.87,70,96,5.61,light rain,2022-07-06 06:20:04
682,Luau,AO,-10.7073,22.2247,60.21,48,8,4.29,clear sky,2022-07-06 06:20:04
683,Nantucket,US,41.2835,-70.0995,71.65,88,100,13.8,overcast clouds,2022-07-06 06:20:05
684,Altamont,US,42.2068,-121.7372,56.77,73,0,3.44,clear sky,2022-07-06 06:20:05
685,Valdivia,CL,-39.8142,-73.2459,44.69,94,100,10.54,overcast clouds,2022-07-06 06:20:06
686,Muros,ES,42.7762,-9.0603,66.09,74,0,13.24,clear sky,2022-07-06 06:20:06
687,Leh,IN,34.1667,77.5833,72.12,37,43,5.17,scattered clouds,2022-07-06 06:20:07
688,Mahina,PF,-17.5065,-149.489,76.77,73,20,6.91,few clouds,2022-07-06 06:20:07
689,Puerto Cabezas,NI,14.0351,-83.3888,77.94,91,100,9.98,overcast clouds,2022-07-06 06:20:07
690,Pangkalanbuun,ID,-2.6833,111.6167,91.72,48,93,4.59,overcast clouds,2022-07-06 06:20:08
691,Kasempa,ZM,-13.4584,25.8338,57.16,66,50,5.99,scattered clouds,2022-07-06 06:20:08
692,Homer,US,59.6425,-151.5483,61.81,69,40,6.91,scattered clouds,2022-07-06 06:20:09
693,Inhambane,MZ,-23.865,35.3833,62.58,94,20,0.0,few clouds,2022-07-06 06:20:09
694,Ouégoa,NC,-20.35,164.4333,77.05,76,95,12.77,light rain,2022-07-06 06:20:10
695,Baker City,US,44.7749,-117.8344,65.59,79,20,0.0,few clouds,2022-07-06 06:18:00
696,Phan Thiet,VN,10.9333,108.1,91.72,58,84,16.08,broken clouds,2022-07-06 06:20:10
697,Vanavara,RU,60.34,102.2797,72.84,41,39,5.32,scattered clouds,2022-07-06 06:20:11
698,Mocuba,MZ,-16.8392,36.9856,67.82,80,6,1.66,clear sky,2022-07-06 06:20:11
699,Kruisfontein,ZA,-34.0033,24.7314,52.29,89,67,3.98,broken clouds,2022-07-06 06:20:12
700,Kokopo,PG,-4.352,152.2633,84.58,68,100,7.49,overcast clouds,2022-07-06 06:20:12
701,Nioro,GM,13.35,-15.75,77.92,82,89,6.73,overcast clouds,2022-07-06 06:20:12
702,Emerald,AU,-23.5333,148.1667,65.34,56,0,9.98,clear sky,2022-07-06 06:20:13
703,Ust'-Kulom,RU,61.6864,53.6902,77.72,40,61,4.88,broken clouds,2022-07-06 06:20:13
704,Delījān,IR,33.9905,50.6838,78.66,24,0,3.0,clear sky,2022-07-06 06:20:14
705,Malaya Vishera,RU,58.8454,32.2222,67.1,51,82,5.32,broken clouds,2022-07-06 06:20:14
706,Puteyets,RU,65.1716,57.091,75.72,47,5,1.45,clear sky,2022-07-06 06:20:15
707,Przeworsk,PL,50.0591,22.4941,60.93,96,100,13.69,light rain,2022-07-06 06:20:15
708,Uruguaiana,BR,-29.7547,-57.0883,58.93,100,100,9.22,overcast clouds,2022-07-06 06:20:15
709,Boa Vista,BR,2.8197,-60.6733,76.98,88,0,3.44,clear sky,2022-07-06 06:20:16
710,Tuatapere,NZ,-46.1333,167.6833,44.11,83,31,6.71,scattered clouds,2022-07-06 06:20:16
711,Hailey,US,43.5196,-114.3153,64.89,36,35,7.7,scattered clouds,2022-07-06 06:20:17
